"Designator","Device","Footprint","Mid X","Mid Y","Ref X","Ref Y","Pad X","Pad Y","Pins","Layer","Rotation","SMD","Comment","Name"
"C1","CC0603KRX7R9BB104","C0603","42.418mm","24.892mm","42.418mm","24.892mm","43.118mm","24.892mm","2","T","180","Yes","100nF","100nF"
"C2","CL10A475KO8NNNC","C0603","42.418mm","23.241mm","42.418mm","23.241mm","43.118mm","23.241mm","2","T","180","Yes","4.7uF","4.7uF"
"C3","CC0603KRX7R9BB104","C0603","45.847mm","25.019mm","45.847mm","25.019mm","46.547mm","25.019mm","2","T","180","Yes","100nF","100nF"
"C4","0603B103K500NT","C0603","33.147mm","26.67mm","33.147mm","26.67mm","33.147mm","27.37mm","2","T","270","Yes","10nF (DNP)","10nF (DNP)"
"J1","直排针2.54mm 1*8P","HDR-TH_8P-P2.54-V-M","40.513mm","41.021mm","40.513mm","41.021mm","31.623mm","41.021mm","8","T","0","No","N 1-8","N 1-8"
"J2","直排针2.54mm 1*8P","HDR-TH_8P-P2.54-V-M","51.943mm","29.591mm","51.943mm","29.591mm","51.943mm","38.481mm","8","T","270","No","E 1-8","E 1-8"
"J3","直排针2.54mm 1*8P","HDR-TH_8P-P2.54-V-M","40.513mm","18.161mm","40.513mm","18.161mm","49.403mm","18.161mm","8","T","180","No","S 1-8","S 1-8"
"J4","直排针2.54mm 1*8P","HDR-TH_8P-P2.54-V-M","29.083mm","29.591mm","29.083mm","29.591mm","29.083mm","20.701mm","8","T","90","No","W 1-8","W 1-8"
"J5","2.54-1*1P针","HDR-TH_1P-P2.54-V-M","29.083mm","41.021mm","29.083mm","41.021mm","29.083mm","41.021mm","1","T","0","No","K-NW","K-NW"
"J6","2.54-1*1P针","HDR-TH_1P-P2.54-V-M","51.943mm","41.021mm","51.943mm","41.021mm","51.943mm","41.021mm","1","T","0","No","K-NE","K-NE"
"J7","2.54-1*1P针","HDR-TH_1P-P2.54-V-M","29.083mm","18.161mm","29.083mm","18.161mm","29.083mm","18.161mm","1","T","0","No","K-SW","K-SW"
"R1","0603WAF330JT5E","R0603","35.179mm","34.163mm","35.179mm","34.163mm","34.426mm","34.163mm","2","T","0","Yes","33R","33R"
"R2","0603WAF1001T5E","R0603","35.179mm","35.941mm","35.179mm","35.941mm","34.426mm","35.941mm","2","T","0","Yes","1k","1k"
"R3","0603WAF0000T5E","R0603","40.005mm","21.209mm","40.005mm","21.209mm","40.005mm","20.456mm","2","T","90","Yes","0R GPIO link","0R GPIO link"
"R4","0603WAF330JT5E","R0603","38.608mm","25.527mm","38.608mm","25.527mm","38.608mm","24.774mm","2","T","90","Yes","33R (DNP)","33R (DNP)"
"R5","0603WAF0000T5E","R0603","34.798mm","26.67mm","34.798mm","26.67mm","34.798mm","27.423mm","2","T","270","Yes","0R (DNP)","0R (DNP)"
"R6","0603WAF1002T5E","R0603","45.847mm","23.368mm","45.847mm","23.368mm","46.6mm","23.368mm","2","T","180","Yes","10k (DNP)","10k (DNP)"
"R7","0603WAF0000T5E","R0603","32.131mm","20.447mm","32.131mm","20.447mm","31.378mm","20.447mm","2","T","0","Yes","0R / FB option","0R / FB option"
"R8","0603WAF0000T5E","R0603","32.131mm","22.987mm","32.131mm","22.987mm","32.131mm","23.74mm","2","T","270","Yes","0R (DNP)","0R (DNP)"
"R9","0603WAF0000T5E","R0603","36.449mm","26.67mm","36.449mm","26.67mm","36.449mm","25.917mm","2","T","90","Yes","0R (DNP)","0R (DNP)"
"R10","0603WAF0000T5E","R0603","40.132mm","24.003mm","40.132mm","24.003mm","40.132mm","23.25mm","2","T","90","Yes","0R","0R"
"R11","0603WAF1002T5E","R0603","31.496mm","26.67mm","31.496mm","26.67mm","31.496mm","25.917mm","2","T","90","Yes","10k (DNP)","10k (DNP)"
"TP1","2.54-1*1P针","HDR-TH_1P-P2.54-V-M","35.433mm","38.481mm","35.433mm","38.481mm","35.433mm","38.481mm","1","T","0","No","VTREF","VTREF"
"TP2","2.54-1*1P针","HDR-TH_1P-P2.54-V-M","37.973mm","38.481mm","37.973mm","38.481mm","37.973mm","38.481mm","1","T","0","No","GND","GND"
"TP3","2.54-1*1P针","HDR-TH_1P-P2.54-V-M","40.513mm","38.481mm","40.513mm","38.481mm","40.513mm","38.481mm","1","T","0","No","SWDIO","SWDIO"
"TP4","2.54-1*1P针","HDR-TH_1P-P2.54-V-M","43.053mm","38.481mm","43.053mm","38.481mm","43.053mm","38.481mm","1","T","0","No","SWCLK","SWCLK"
"TP5","2.54-1*1P针","HDR-TH_1P-P2.54-V-M","45.593mm","38.481mm","45.593mm","38.481mm","45.593mm","38.481mm","1","T","0","No","NRST","NRST"
"U1","STM32G031K8T6","LQFP-32_L7.0-W7.0-P0.80-LS9.0-BL","42.799mm","30.988mm","42.799mm","30.988mm","39.999mm","26.746mm","32","T","0","Yes","STM32G031K8T6","STM32G031K8T6"
"X1","ASEDVN-8.000MHZ-LR-T","CraftVia_ASEDVN_3225_4P","35.433mm","23.241mm","35.433mm","23.241mm","34.333mm","22.441mm","4","T","0","Yes","ASEDVN-8.000MHZ-LR-T (DNP)","ASEDVN-8.000MHZ-LR-T (DNP)"
"BB1","2.54mm 1*5P 直排针","HDR-TH_5P-P2.54-V-M","16.447mm","43.625mm","16.447mm","43.625mm","21.527mm","43.625mm","5","T","180","No","5-HOLE STRIP BB1","5-HOLE STRIP BB1"
"BB2","2.54mm 1*5P 直排针","HDR-TH_5P-P2.54-V-M","16.447mm","41.085mm","16.447mm","41.085mm","21.527mm","41.085mm","5","T","180","No","5-HOLE STRIP BB2","5-HOLE STRIP BB2"
"BB3","2.54mm 1*5P 直排针","HDR-TH_5P-P2.54-V-M","16.447mm","38.545mm","16.447mm","38.545mm","21.527mm","38.545mm","5","T","180","No","5-HOLE STRIP BB3","5-HOLE STRIP BB3"
"BB4","2.54mm 1*5P 直排针","HDR-TH_5P-P2.54-V-M","16.447mm","36.005mm","16.447mm","36.005mm","21.527mm","36.005mm","5","T","180","No","5-HOLE STRIP BB4","5-HOLE STRIP BB4"
"BB5","2.54mm 1*5P 直排针","HDR-TH_5P-P2.54-V-M","16.447mm","33.465mm","16.447mm","33.465mm","21.527mm","33.465mm","5","T","180","No","5-HOLE STRIP BB5","5-HOLE STRIP BB5"
"BB6","2.54mm 1*5P 直排针","HDR-TH_5P-P2.54-V-M","16.447mm","30.925mm","16.447mm","30.925mm","21.527mm","30.925mm","5","T","180","No","5-HOLE STRIP BB6","5-HOLE STRIP BB6"
"BB7","2.54mm 1*5P 直排针","HDR-TH_5P-P2.54-V-M","16.447mm","28.385mm","16.447mm","28.385mm","21.527mm","28.385mm","5","T","180","No","5-HOLE STRIP BB7","5-HOLE STRIP BB7"
"BB8","2.54mm 1*5P 直排针","HDR-TH_5P-P2.54-V-M","16.447mm","25.845mm","16.447mm","25.845mm","21.527mm","25.845mm","5","T","180","No","5-HOLE STRIP BB8","5-HOLE STRIP BB8"
"BB9","2.54mm 1*5P 直排针","HDR-TH_5P-P2.54-V-M","16.447mm","23.304mm","16.447mm","23.304mm","21.527mm","23.304mm","5","T","180","No","5-HOLE STRIP BB9","5-HOLE STRIP BB9"
"BB10","2.54mm 1*5P 直排针","HDR-TH_5P-P2.54-V-M","16.447mm","20.765mm","16.447mm","20.765mm","21.527mm","20.765mm","5","T","180","No","5-HOLE STRIP BB10","5-HOLE STRIP BB10"
"BBP1","直排针2.54mm 1*8P","HDR-TH_8P-P2.54-V-M","4.05mm","31.002mm","4.05mm","31.002mm","4.05mm","39.892mm","8","T","270","No","POWER RAIL A","POWER RAIL A"
"BBP2","直排针2.54mm 1*8P","HDR-TH_8P-P2.54-V-M","6.59mm","31.002mm","6.59mm","31.002mm","6.59mm","39.892mm","8","T","270","No","POWER RAIL B","POWER RAIL B"
"J8","直排针2.54mm 1*8P","HDR-TH_8P-P2.54-V-M","40.513mm","43.561mm","40.513mm","43.561mm","31.623mm","43.561mm","8","T","0","No","N BREAKOUT","N BREAKOUT"
"J9","直排针2.54mm 1*8P","HDR-TH_8P-P2.54-V-M","54.483mm","29.591mm","54.483mm","29.591mm","54.483mm","38.481mm","8","T","270","No","E BREAKOUT","E BREAKOUT"
"J10","直排针2.54mm 1*8P","HDR-TH_8P-P2.54-V-M","40.513mm","15.621mm","40.513mm","15.621mm","49.403mm","15.621mm","8","T","180","No","S BREAKOUT","S BREAKOUT"
"J11","直排针2.54mm 1*8P","HDR-TH_8P-P2.54-V-M","26.543mm","29.591mm","26.543mm","29.591mm","26.543mm","20.701mm","8","T","90","No","W BREAKOUT","W BREAKOUT"
"J12","2.54-1*1P针","HDR-TH_1P-P2.54-V-M","26.543mm","43.561mm","26.543mm","43.561mm","26.543mm","43.561mm","1","T","0","No","K-NW BREAKOUT","K-NW BREAKOUT"
"J13","2.54-1*1P针","HDR-TH_1P-P2.54-V-M","54.356mm","43.561mm","54.356mm","43.561mm","54.356mm","43.561mm","1","T","0","No","K-NE BREAKOUT","K-NE BREAKOUT"
"J14","2.54-1*1P针","HDR-TH_1P-P2.54-V-M","26.543mm","15.621mm","26.543mm","15.621mm","26.543mm","15.621mm","1","T","0","No","K-SW BREAKOUT","K-SW BREAKOUT"
"SJ1","0603WAF0000T5E","R0603","4.05mm","43.227mm","4.05mm","43.227mm","4.05mm","43.98mm","2","T","270","Yes","DNP: +3V3 TO RAIL A","DNP: +3V3 TO RAIL A"
"SJ2","0603WAF0000T5E","R0603","6.59mm","43.227mm","6.59mm","43.227mm","6.59mm","43.98mm","2","T","270","Yes","DNP: GND TO RAIL B","DNP: GND TO RAIL B"
"BB11","2.54mm 1*5P 直排针","HDR-TH_5P-P2.54-V-M","16.447mm","18.225mm","16.447mm","18.225mm","21.527mm","18.225mm","5","T","180","No","5-HOLE STRIP BB11","5-HOLE STRIP BB11"
"BB12","2.54mm 1*5P 直排针","HDR-TH_5P-P2.54-V-M","16.447mm","15.685mm","16.447mm","15.685mm","21.527mm","15.685mm","5","T","180","No","5-HOLE STRIP BB12","5-HOLE STRIP BB12"
"BBP3","直排针2.54mm 1*8P","HDR-TH_8P-P2.54-V-M","69.665mm","51.627mm","69.665mm","51.627mm","60.775mm","51.627mm","8","T","0","No","POWER RAIL C","POWER RAIL C"
"BBP4","直排针2.54mm 1*8P","HDR-TH_8P-P2.54-V-M","78.682mm","13.081mm","78.682mm","13.081mm","69.792mm","13.081mm","8","T","0","No","POWER RAIL D","POWER RAIL D"
"SJ3","0603WAF0000T5E","R0603","57.44mm","51.625mm","57.44mm","51.625mm","56.686mm","51.625mm","2","T","0","Yes","DNP: +3V3 TO RAIL C","DNP: +3V3 TO RAIL C"
"SJ4","0603WAF0000T5E","R0603","66.457mm","13.081mm","66.457mm","13.081mm","65.703mm","13.081mm","2","T","0","Yes","DNP: GND TO RAIL D","DNP: GND TO RAIL D"
